V1,V2,V3,V4,V5,V6,V7,V8,V9,V10,feature
1.207937344,1.187733047,2.832628061,2.693892506,3.205712859,2.798883408,3.738600147,4.715200533,4.432811108,5.286073246,PubchemFP712
0.598641938,1.564416312,1.542206447,2.334177441,4.559207813,5.090028318,3.294057016,2.13922544,4.57248074,4.390430852,PubchemFP12
1.940577753,2.083396022,0.696168294,1.473396559,3.24696617,3.406759092,2.334752755,2.555178593,3.457646657,4.342635344,PubchemFP2
1.000676035,1.464174643,1.701844654,1.390081406,1.861515987,2.448851205,2.647903013,2.49011655,5.258882937,4.643878123,PubchemFP192
0.422809043,1.092599425,1.259239122,2.045061088,1.304365016,2.669627189,3.882305619,3.306216154,3.843596457,3.565873777,PubchemFP537
1.35453424,1.915585321,3.271886386,2.161015073,2.471655813,1.822273897,2.565679011,2.707092347,1.816913225,2.842011743,PubchemFP758
1.167489834,1.160798535,2.152338221,1.791812889,2.127872154,3.331426862,2.73331528,2.50909907,2.162050039,3.307874826,PubchemFP335
1.512089353,1.011137619,1.814707344,2.860057656,2.192864135,1.161940736,3.034052946,3.278938231,2.408232816,2.417396905,PubchemFP462
0.376705319,2.602145694,1.040263353,1.995148496,1.798107947,2.431004089,3.301485887,2.948468314,3.088099375,2.069130077,PubchemFP432
0.922622289,0.960675602,1.673735035,2.277140916,2.230694983,1.808597203,3.437290559,2.964222678,1.055414584,3.29250549,PubchemFP821
0.657450755,1.515131227,1.835363543,1.392535922,2.105553172,2.329318839,2.529903003,2.241644121,2.090497895,2.68566502,PubchemFP696
0.875213105,1.310860222,2.502552882,2.198359005,1.172155826,2.070989815,1.511402652,1.843325953,1.668423043,2.351419617,PubchemFP451
0.629713291,1.026102289,1.582805481,1.570717313,2.442059602,2.182847857,1.710867406,2.353245405,1.118825703,1.807492058,PubchemFP697
1.274909494,1.302137459,0.813949197,1.974819084,0.912010558,2.130474455,1.566572772,2.362057578,1.748353825,1.980362908,PubchemFP646
0.50183209,1.001157948,1.695290008,0.816148689,1.306805391,2.094234465,1.038338029,2.68630206,2.621832007,2.210363686,PubchemFP574
0.511690765,1.16174907,1.259062654,1.434376793,1.14889688,1.207513985,2.00786148,2.933123662,2.200905939,1.58888226,PubchemFP185
1.298424086,0.736855039,1.530061792,0.23772464,1.682315454,1.663092761,1.474701361,1.781873369,1.406529097,1.57028042,PubchemFP645
1.313664814,0.742246287,1.789526355,1.027648019,0.895448252,0.763364164,1.939236413,1.381364665,1.396428908,1.934392529,PubchemFP548
0.717840577,0.518311196,0.783985672,1.185108675,1.171253405,1.766477901,1.514631929,1.775082917,1.861251766,1.487435885,PubchemFP619
0.847054831,0.36706649,1.270589963,1.116122805,1.653766117,1.220732673,1.066259987,1.648744973,2.07476328,1.205401727,PubchemFP655
0.366246259,0.494665299,0.971905172,1.857653985,1.340010328,1.197327574,1.494201555,1.118853322,1.779871609,1.515145076,PubchemFP346
0.29002062,0.642088041,1.215979261,1.411125342,0.958602767,2.252885977,1.32783082,1.541508242,0.984889598,1.264217359,PubchemFP199
0.790425297,0.892743445,0.970438203,1.203306924,1.028399498,1.142369488,0.806806495,0.983882812,2.1615052,1.495728905,PubchemFP385
0.456872231,0.686828764,0.402724609,1.076791916,1.225517833,1.393828986,1.340744623,1.063584652,1.632543479,1.734012824,PubchemFP285
1.475943674,0.981429285,0.791855264,0.683130298,1.177722259,1.140269241,0.981938069,1.408989533,1.283859621,0.866528988,PubchemFP776
0.284753823,0.418357948,0.502810886,1.002938419,1.330898652,2.033875976,0.851425905,1.508376351,1.481838509,1.260625503,PubchemFP193
0.620366688,0.64834553,1.010569355,0.9389491,1.490593011,1.155131815,0.80139192,1.584143953,1.072088174,1.083941877,PubchemFP391
0.239944416,0.400077184,0.3973522,1.198449627,1.176714536,1.823184586,1.210127498,1.087997178,1.536019779,1.214148761,PubchemFP580
0.651982684,0.815876396,1.095057006,1.005377965,1.525114935,0.824939963,1.278610886,0.899828875,1.339483121,0.648025867,PubchemFP698
1.146456025,0.93885549,0.635385707,0.675993854,1.062798878,1.348318212,1.647304452,0.863473431,0.732507074,1.006703283,PubchemFP699
0.489443097,0.504339837,1.669549901,1.097846871,1.303431584,0.587222075,0.623059447,1.049120495,0.832643394,1.816603778,PubchemFP692
0.269205268,0.841885325,0.790830043,1.584826739,1.09541111,0.562977523,0.748923777,1.58298539,0.840692946,1.403352248,PubchemFP713
0.511879311,0.940197203,0.96424246,0.826703119,0.812942522,0.730117296,1.238139915,1.21236821,1.44823635,1.014370855,PubchemFP502
0.348334352,0.607827898,0.926570771,1.312120916,0.753946029,0.782187258,0.8472491,1.30294836,1.218542941,1.560008731,PubchemFP447
0.333939267,0.504965471,0.83657409,2.186181663,0.866550422,1.456353331,0.391645706,1.020703977,1.656909876,0.398316534,PubchemFP351
0.504623501,0.557176985,0.658154004,1.424130752,1.287472351,1.165058071,0.916127329,1.324630246,0.744624254,0.899582738,PubchemFP366
0.379262803,1.098960256,1.090509289,0.669040247,1.098183721,1.115673659,0.774441639,1.218763511,0.510768458,1.524930719,PubchemFP483
1.023675396,0.542744987,0.469503395,1.572010921,0.852918264,1.076010791,0.655349782,1.167086579,0.917274583,1.018349611,PubchemFP643
1.086655487,1.049253302,0.824576793,1.073559769,0.921891721,1.124073213,0.416283296,0.982408,0.847398484,0.937314643,PubchemFP414
0.786005716,0.737366534,0.508050652,1.061536638,0.976755281,0.970199383,0.673315547,0.941446581,1.26370069,1.336512219,PubchemFP305
0.489959808,0.963660216,0.601687166,1.065066426,0.828242973,1.283678383,1.240425634,1.008052572,1.191982043,0.57601892,PubchemFP259
0.477363535,0.983376559,0.917965483,1.094984561,1.102525685,1.036620008,1.040424551,0.938010686,0.609039817,1.00209325,PubchemFP377
0.141078261,0.625013915,0.863435135,1.04186727,0.537349698,1.018557259,1.196923428,0.755486946,1.782469275,1.087645199,PubchemFP14
0.571391882,0.723689946,0.823525169,1.055981062,1.254459529,0.716755964,1.299954916,0.532335526,0.803000361,1.265804628,PubchemFP491
0.436479348,0.72395338,1.116251625,0.680755291,0.591424557,0.718590424,0.901807368,0.495451955,1.749600982,1.544239499,PubchemFP439
0.057649764,0.285630522,1.124743248,1.0328521,1.299129453,1.129902275,0.371938603,1.334713567,0.902640119,1.269290282,PubchemFP573
0.28383919,0.719969617,0.955752924,0.934834926,0.998570364,0.723998683,0.494481134,1.476610584,0.696298965,1.501254101,PubchemFP465
0.404811472,0.927572937,1.141498151,0.990163914,0.989050758,0.959680612,0.687377291,0.876654337,0.951516636,0.760700189,PubchemFP604
0.207392392,0.471862286,1.311128431,0.67409408,0.992725586,1.233696964,0.939160971,1.211542031,0.914596017,0.723605712,PubchemFP373
0.38559081,0.440875395,0.526182092,0.80693874,0.899263162,1.016941937,1.371679819,1.025961575,0.8212535,1.158644607,PubchemFP617
0.247576929,0.739173081,0.536195378,0.711123554,0.746832391,1.135397862,0.900902246,1.163667326,0.919525972,1.346804224,PubchemFP704
0.492806371,0.833047781,1.257928251,0.759711443,0.635292303,0.612986011,0.604334082,0.688836859,1.273151366,1.243847619,PubchemFP179
0.446181107,0.210054483,0.743784303,0.978459052,0.997410913,0.965625691,1.711301947,0.602686145,1.291931773,0.322369077,PubchemFP641
0.692323738,0.451699741,0.727265834,1.112120705,0.870988883,1.067251325,0.316686607,1.000017295,1.103393745,0.630544296,PubchemFP457
0.637238763,0.870049328,1.131155946,0.715991115,1.015262435,0.846520078,0.619825171,0.827209318,0.509623428,0.789412417,PubchemFP637
0.918257017,0.427022126,0.626086645,0.828883723,0.941121596,1.364778306,0.645705959,0.814896563,0.423472739,0.876618209,PubchemFP392
0.357880202,0.788166744,1.37044288,0.625150118,0.540630885,0.56720778,0.669605379,0.868662542,1.061666247,0.691656604,PubchemFP546
0.494656241,0.745267661,0.652270826,0.630930549,0.506441602,0.735395536,0.718532628,1.254196795,0.782465603,0.888018674,PubchemFP638
0.601298916,0.52382183,1.394316773,0.56888935,0.599808064,0.747448279,0.606805869,0.899260297,0.837535065,0.627195396,PubchemFP682
0.478556482,0.443614991,0.661546207,0.845454888,0.574500893,1.061432196,0.625041354,1.168022333,1.167267959,0.326426765,PubchemFP689
0.274386591,0.215338347,0.64019887,0.666524257,0.530821739,0.664318758,1.139788166,1.135723199,1.171075401,0.651723335,PubchemFP594
0.090155876,0.262207407,0.703375379,0.913890908,0.715065873,0.754451007,1.096023026,1.097772118,0.910571633,0.507605726,PubchemFP33
0.244838108,0.445716839,0.957124423,0.64419049,0.596076322,0.908360161,0.968624355,0.814154718,0.408766141,1.049962543,PubchemFP818
0.332218057,0.707549076,0.965778194,0.994470846,1.07734412,0.787106836,0.631591727,0.531037117,0.338853993,0.652231958,PubchemFP186
0.950916186,0.710433937,0.648309586,0.445672199,0.562354974,0.602351757,0.756375674,0.817246221,0.836648036,0.590776494,PubchemFP602
0.199525673,0.385655114,0.647567495,0.495917969,0.838528155,0.764515856,0.747881551,1.061076859,0.776881453,0.939478331,PubchemFP531
0.246360665,0.779338524,0.543032466,0.880444179,0.847597504,0.661126922,0.91177961,0.654406622,0.7095916,0.561160696,PubchemFP777
0.573754033,0.367458789,0.994589966,0.896031763,0.375237046,0.837655331,0.570595835,0.842452162,0.776184445,0.400141884,PubchemFP685
0.243594332,0.548659764,0.805706673,0.591920531,0.970226279,0.439409757,0.663874495,0.995868593,0.53721425,0.816597332,PubchemFP294
0.111095175,0.443109233,0.458699169,0.756831065,0.778159696,0.397058162,0.512991824,0.805858431,0.939372462,1.379900339,PubchemFP755
0.531377201,0.503534601,0.315278808,0.853750192,0.492866243,0.668283078,0.737853767,0.638755225,1.105675755,0.718963954,PubchemFP651
0.509136654,0.315312466,0.805637426,0.747630525,0.261633599,0.47768864,0.408025302,0.95993086,1.030252716,1.048231948,PubchemFP532
0.180962942,0.76935432,0.526908771,0.630567894,0.833659103,1.127296678,0.789299529,0.649922928,0.533002404,0.469657358,PubchemFP381
0.424465715,0.511513457,0.639172286,0.492776735,1.046391452,0.361925077,0.975731557,0.991693886,0.81143877,0.240660284,PubchemFP459
0.214648537,0.463325456,0.605917338,0.610843164,0.854141027,0.501204419,0.491789161,1.00324434,0.780239711,0.965024096,PubchemFP362
0.490055255,0.402506959,0.785728822,1.010595838,0.695110438,0.910936809,0.88638777,0.346079067,0.590580994,0.356641098,PubchemFP542
0.515869966,0.588676973,0.621346045,0.221079914,1.267063823,0.811701762,0.75288035,0.689242474,0.315496161,0.686390987,PubchemFP383
0.239531461,0.477503963,0.579722711,0.408518915,0.425198153,0.994464368,0.813127216,0.778973735,0.975259497,0.747174534,PubchemFP579
0.35249409,0.572539491,0.649867398,0.678401112,0.875627581,0.359004326,1.091795228,0.495055261,0.865431677,0.43276834,PubchemFP353
0.196822112,0.438885888,0.460341332,0.833290615,0.685292561,0.694936035,0.830400906,0.51430942,0.820543996,0.892648058,PubchemFP374
0.290712792,0.410658553,0.956143393,0.428848313,0.828821395,1.077412401,0.503063408,0.627300065,0.964858775,0.268834944,PubchemFP15
0.639463879,0.560393055,0.572746784,0.509814672,0.330102896,1.148452393,0.767211235,0.826419969,0.580461808,0.37660831,PubchemFP684
0.234399083,0.400801506,0.425453829,0.418526086,0.599062117,1.029451005,0.581749235,0.656174425,0.924291788,0.990279489,PubchemFP714
0.395854629,0.383043423,0.656524036,0.735917608,0.592119145,0.769236653,0.828680898,0.604212053,0.356448614,0.913575419,PubchemFP498
0.370241744,0.569499685,0.483049439,0.773572538,0.633029909,0.480862176,0.666986943,0.784869303,0.8167651,0.625922428,PubchemFP667
0.361750417,0.442988934,0.81286165,0.851307624,0.836083893,0.307723208,0.594749819,0.596115146,0.717262833,0.66152374,PubchemFP493
0.316710538,0.350107292,0.787664295,0.359200978,0.855128258,0.530676793,0.652346673,0.899117053,0.90449182,0.508688402,PubchemFP672
0.142512967,0.297614974,0.494424588,0.420313077,0.60314112,0.788614883,0.790705793,1.042633883,0.689002634,0.892493848,PubchemFP429
0.083035843,0.663246117,0.644388991,0.370339134,0.326548537,0.611272305,1.309984356,1.085722567,0.790459749,0.270973166,PubchemFP541
0.193698232,0.95507339,0.914570587,0.340023642,0.756600361,0.548960878,0.771390363,0.618484935,0.588577985,0.376332124,PubchemFP499
0.298042652,0.222521145,0.417776132,0.314662279,0.708669332,0.979937663,0.830096417,1.040990942,0.832987554,0.417538557,PubchemFP342
0.784403027,0.27377534,0.46545815,0.61355833,0.379407179,0.326802009,0.755381491,0.817026319,1.235833089,0.398220224,PubchemFP620
0.314404871,0.542955787,0.494562421,0.527935984,0.742197756,0.827170534,0.891464537,0.455731974,0.367894275,0.837093099,PubchemFP606
0.491638721,0.372832854,0.267619834,0.998198766,0.620549035,0.378537389,0.530606074,0.608137283,0.946869774,0.770470324,PubchemFP536
0.630707312,0.193991252,0.57836583,1.009986787,0.407759345,0.978425957,0.766656195,0.541094699,0.382067169,0.432449861,PubchemFP299
0.220861205,0.361988495,0.595624054,0.569433102,0.756173167,0.927649043,0.585595063,0.707558453,0.239972533,0.88037302,PubchemFP555
0.198643484,0.21550207,0.41842842,0.862192451,0.497091324,0.894718838,1.00145032,0.361428406,0.564146103,0.825128142,PubchemFP501
0.428227902,0.245006416,0.457856608,0.711008289,0.585438263,0.902263611,0.861719499,0.547579192,0.670484762,0.424109568,PubchemFP503
0.529022114,0.329493054,0.695011422,0.440663771,0.912716466,0.511084025,0.737429599,0.285664722,0.540446683,0.819256908,PubchemFP666
0.632310478,0.626523864,0.878772631,0.424212285,0.411835882,0.362154334,0.472362414,0.470513092,0.332582411,1.176433803,PubchemFP183
0.175222216,0.429657221,0.598532547,0.389358439,0.614490159,0.510034516,0.582717456,0.647457328,0.786381645,1.050148829,PubchemFP550
0.234022503,0.450402888,0.79903375,0.736723092,0.645070714,0.475768324,0.637534052,0.782268727,0.505176585,0.504693548,PubchemFP553
0.484640603,0.324436294,0.718079635,0.74701178,0.578275731,0.71304101,0.616244373,0.453205967,0.588344942,0.547244542,PubchemFP382
0.290273949,0.507282367,0.356974258,0.710019181,0.541614306,0.57273921,0.783828146,0.544118012,0.630697233,0.822466135,PubchemFP565
0.132940383,0.554506216,0.578749478,0.15610647,0.462016278,0.905852171,0.321514149,0.842396801,0.618189859,1.154228551,PubchemFP535
0.219098143,0.207010857,0.839679569,0.945062643,0.9280596,0.743054234,0.69494654,0.418751337,0.394200027,0.326073465,PubchemFP623
0.338791367,0.36019667,0.599241635,0.589037845,0.63253272,0.644997934,0.853895379,0.673492963,0.565069843,0.453380813,PubchemFP393
0.476237542,0.297554906,0.723269543,0.417994193,0.200967898,0.235103891,0.892994784,1.087530686,1.089108671,0.253768939,PubchemFP767
0.570026094,0.424589112,0.407727208,0.642863398,0.411252668,0.386970948,0.717308374,0.663868472,0.747462829,0.673161166,PubchemFP406
0.480666044,0.65082717,0.498912994,0.505737227,0.408692224,0.595576619,0.211648821,1.154487315,0.555573759,0.559037229,PubchemFP632
0.524905593,0.248373988,0.569511134,0.636512828,0.176654762,0.942309019,0.309403471,1.078336108,0.750434938,0.350634591,PubchemFP418
0.374737058,0.456157641,0.501642267,0.254590954,0.626551679,0.718072403,0.49341802,0.729477586,0.566114136,0.777391924,PubchemFP419
0.124020111,0.839315311,0.189240728,0.593556233,0.799304092,0.920173395,0.365351316,0.273819418,0.512979261,0.866146253,PubchemFP680
0.521464495,0.373453488,0.69551436,0.904250253,0.529955251,0.422767208,0.40340918,0.411437082,0.508388548,0.71250656,PubchemFP598
0.211531628,0.489829608,0.860289127,0.56468257,0.486046738,0.257742857,0.69731074,0.689781641,0.72223173,0.495189745,PubchemFP37
0.3033985,0.556320737,1.007298631,0.334388929,0.476148111,0.766144364,0.366867297,0.977173066,0.413981922,0.209138092,PubchemFP386
0.226577168,0.194656548,0.526136478,0.790469785,0.546726995,0.313919885,0.573178586,0.80339376,0.683852416,0.728026912,PubchemFP338
0.45226469,0.514145658,0.115962793,0.659698208,0.236437485,0.681215669,0.764181273,0.923940324,0.684351068,0.295511975,PubchemFP830
0.513386894,0.471225876,0.5670389,0.483417015,0.401141964,0.263078313,0.48793157,0.458636585,0.712158202,0.959753127,PubchemFP589
0.25595495,0.601302129,0.528002335,0.448667853,0.480985545,0.515933055,0.777262367,0.364114484,0.983490485,0.34171251,PubchemFP671
0.257684742,0.17525416,0.594390155,0.650757502,0.888709145,0.514575256,0.290435226,0.542812117,0.667069438,0.659042809,PubchemFP657
0.235683583,0.556809402,0.459473495,0.652937763,0.44234767,0.569732748,0.583505988,0.51625712,0.634568895,0.584120848,PubchemFP405
0.388974077,0.397319113,0.260836345,0.517257182,0.620404229,0.495041338,0.612204159,0.825006379,0.574198352,0.533792143,PubchemFP256
0.145557164,0.359198191,0.681611717,0.486341919,0.566774747,0.545524781,0.552339214,0.504602021,0.65249885,0.727542094,PubchemFP591
0.347074345,0.549740971,0.775368408,0.568995814,0.577431364,0.286040616,0.545275804,0.667277052,0.414195204,0.480210906,PubchemFP495
0.582034321,0.420718907,0.386605126,0.275480538,1.207023076,0.560498458,0.328297991,0.377367955,0.729320836,0.324506757,PubchemFP184
0.189545786,0.400641601,0.423792305,0.346494996,0.906156758,0.945813378,0.688233285,0.326791739,0.62803159,0.248745446,PubchemFP585
0.173704314,0.641107517,0.245907015,0.591865138,0.618840903,0.431414419,0.438929344,0.561660625,0.668957186,0.690719064,PubchemFP143
0.292233918,0.523101423,0.907633251,0.405227348,0.54417318,0.5158842,0.612252828,0.35351364,0.472677993,0.435220164,PubchemFP540
0.38824286,0.351011529,0.341296132,0.48357499,0.655790419,0.653515287,0.69550072,0.361869951,0.632340042,0.496434314,PubchemFP20
0.602555958,0.360831783,0.348654578,0.643516235,0.335731317,0.158465414,1.105288901,0.267457122,0.866457534,0.339426645,PubchemFP547
0.166778283,0.40250571,0.507715455,0.59353213,0.664863666,0.513281468,0.521084471,0.382480188,0.674025587,0.598852415,PubchemFP614
0.686219637,0.457166367,0.300059783,0.716060933,0.758990539,0.525349412,0.380325609,0.404750848,0.562850683,0.23321678,PubchemFP293
0.170223411,0.596416575,0.397018996,0.40724657,0.539518358,0.437260471,0.329726907,0.745933848,0.539485093,0.840354426,PubchemFP576
0.122188475,0.198516272,0.547555746,0.453694168,0.572276579,0.38631406,0.574054928,0.860866371,0.717955404,0.466152278,PubchemFP673
0.713095674,0.405963836,0.424011604,0.579627928,0.610008966,0.260928867,0.449763784,0.535959233,0.671318809,0.174602865,PubchemFP665
0.305211768,0.793763172,0.553361252,0.419520896,0.32852951,0.467716788,0.636307029,0.477319815,0.3345818,0.449338546,PubchemFP380
0.161868326,0.201772777,0.558357028,0.57070221,0.632119476,0.736155925,0.897164166,0.290491068,0.164986744,0.478873547,PubchemFP440
0.055127331,0.096930155,0.231330505,0.398033735,0.834673699,0.574298784,0.572887836,0.627734507,0.823230239,0.476531492,PubchemFP676
0.234229635,0.378099117,0.80394911,0.342870892,0.39850315,0.486831525,0.566857532,0.384531731,0.434735163,0.606015759,PubchemFP376
0.89683502,0.053278472,0.071757169,0.781762246,0.576002482,0.071143093,0.848078982,0.682755736,0.441146037,0.212415028,PubchemFP190
0.475708243,0.721934208,0.322901932,0.319746558,0.389685641,0.617046821,0.508671436,0.451875934,0.399931636,0.391820212,PubchemFP145
0.421330863,0.373754448,0.388038381,0.467199272,0.263265378,0.390752826,0.558547861,0.698534503,0.430386763,0.568848776,PubchemFP435
0.196729974,0.288969754,0.271550095,0.496314795,0.280878296,0.761120865,0.584168271,0.791262792,0.351848924,0.526543257,PubchemFP568
0.125405792,0.13049566,0.246549171,0.615232241,0.776971492,0.350138027,0.724453009,0.509807172,0.447620767,0.61960952,PubchemFP330
0.458295474,0.378123677,0.312011812,0.213103893,0.385112185,0.68848065,0.707044995,0.243995886,0.549772752,0.593022789,PubchemFP442
0.239576749,0.379281449,0.607694046,0.115362358,0.635348677,0.490997354,0.826370944,0.288499636,0.578291852,0.361944555,PubchemFP365
0.322402295,0.29836851,0.3942502,0.354680959,0.427420944,0.738395616,0.387523967,0.760018585,0.428818504,0.372569687,PubchemFP146
0.201695044,0.313490471,0.413384049,0.332244674,0.284065293,0.599135438,0.7152619,0.530540917,0.539274458,0.52529741,PubchemFP341
0.251687911,0.280032323,0.378904539,0.288352815,0.444150427,0.428280828,0.500871925,0.289346286,0.870150739,0.720722586,PubchemFP662
0.155041401,0.313845062,0.844909756,0.55152509,0.370527024,0.470867683,0.344003135,0.280980302,0.374939151,0.744506077,PubchemFP545
0.368108761,0.419512967,0.256270619,0.359352635,0.405290189,0.464683781,0.71624269,0.517662289,0.374613536,0.567525381,PubchemFP200
0.265980729,0.207027786,0.218889702,0.286490002,0.267489618,0.409800243,1.060308012,0.59118397,0.692156878,0.398000481,PubchemFP679
0.261228221,0.081928872,0.306448948,0.600000931,0.635624262,0.383040395,0.567519448,0.574023038,0.551016281,0.422563154,PubchemFP485
0.048642189,0.297878839,0.209745866,0.538492318,0.915872057,0.248491012,0.620489758,0.577088947,0.471701175,0.44507139,PubchemFP629
0.213762566,0.503775767,0.230570019,0.587730304,0.450144838,0.684206189,0.528259803,0.578863743,0.16538606,0.380902093,PubchemFP737
0.205859748,0.411611592,0.574820981,0.580551639,0.44082057,0.343935729,0.538205156,0.359529601,0.490416724,0.366551022,PubchemFP597
0.202642923,0.352177112,0.146700534,0.772295963,0.328943223,0.524081155,0.522982926,0.417438849,0.520365414,0.512497716,PubchemFP297
0.131382744,0.213018936,0.442328831,0.46386099,0.388711863,0.510521655,0.481841791,0.599364682,0.817109351,0.246425612,PubchemFP327
0.220780678,0.15100409,0.296990586,0.426445134,0.379644268,0.311632868,0.689842545,0.606705873,0.665700769,0.52816107,PubchemFP476
0.401751079,0.222901981,0.645166372,0.174082557,0.870805294,0.365921041,0.429717078,0.29374122,0.416529411,0.442994476,PubchemFP538
0.282751636,0.21252367,0.283426835,0.154647331,0.418457744,0.684325997,0.556304212,0.725617706,0.447723832,0.472299654,PubchemFP452
0.260535448,0.485866983,0.390280891,0.573296507,0.616868029,0.191195099,0.347015605,0.440651782,0.624653701,0.303510957,PubchemFP593
0.295476897,0.380242193,0.558360812,0.279780089,0.631853224,0.375817137,0.577085025,0.410922722,0.212384896,0.499369389,PubchemFP654
0.020229121,0.363518382,0.402376341,0.633608578,0.269775472,0.444743105,0.348494753,0.889430105,0.39267816,0.431359194,PubchemFP328
0.712892476,0.122483881,0.234533018,0.66460727,0.473828943,0.61216908,0.321866249,0.208535183,0.486612426,0.32965768,PubchemFP445
0.553090981,0.093388777,0.159617576,0.749672357,0.583360387,0.254279966,0.125192405,0.105490169,0.488820539,1.024706227,PubchemFP188
0.128468466,0.323045816,0.411438226,0.319382287,0.36543219,0.345903449,0.553928712,0.526865216,0.404763649,0.731489198,PubchemFP797
0.176711672,0.091827803,0.514970128,0.61163709,0.544431476,0.443364507,0.224695809,0.293104567,0.750493827,0.451840932,PubchemFP675
0.160701443,0.059404766,0.305492644,0.596383271,0.403291641,0.61127695,0.731681752,0.287719873,0.380897626,0.540564564,PubchemFP630
0.226586679,0.437385025,0.160578627,0.909804253,0.578026857,0.565205188,0.342801282,0.438800158,0.212736014,0.200533801,PubchemFP596
0.237661745,0.289702655,0.314432674,0.565960886,0.386400823,0.825639149,0.289311488,0.285185769,0.399719066,0.44525381,PubchemFP828
0.083558063,0.111693442,0.407620094,0.239874462,0.438661494,0.470379997,0.579708276,0.522692351,0.521193237,0.652973791,PubchemFP464
0.111768856,0.201515133,0.611965535,0.563714645,0.492118491,0.55794144,0.28018144,0.299964729,0.466524445,0.432992947,PubchemFP554
0.269098951,0.362784848,0.352146287,0.312721187,0.804182654,0.486456958,0.181246691,0.396507644,0.23043937,0.622468944,PubchemFP800
0.424759949,0.60439801,0.387102961,0.558773047,0.678845759,0.418559742,0.379924271,0.293722803,0.212405612,0.050141742,PubchemFP191
0.30063093,0.313485041,0.376288762,0.334624785,0.560792309,0.511773411,0.378699229,0.336380298,0.472551512,0.41798341,PubchemFP600
0.447922483,0.41343238,0.080973404,0.572850135,0.836590883,0.812475967,0.185679901,0.098759354,0.166736122,0.315580712,PubchemFP359
0.26700877,0.465421134,0.603979556,0.306537892,0.209949013,0.595448364,0.25446041,0.44579771,0.407034997,0.37447298,PubchemFP577
0.222330227,0.557592532,0.441412347,0.411214384,0.261167709,0.680840334,0.38784886,0.121444234,0.185779925,0.66013651,PubchemFP187
0.071416244,0.228435476,0.389934926,0.480108823,0.61170798,0.360155177,0.651529663,0.36614166,0.510275235,0.221911905,PubchemFP509
0.245481273,0.294688334,0.192823431,0.47163194,0.768897313,0.404362472,0.385715046,0.465036229,0.215286615,0.446050372,PubchemFP345
0.15297129,0.064625572,0.249035137,0.313977897,0.368842684,0.619104805,0.45014195,0.613146574,0.424973225,0.617537905,PubchemFP765
0.05589255,0.419340994,0.333466699,0.373349105,0.388242702,0.5605702,0.347397524,0.450951502,0.509349495,0.368555723,PubchemFP181
0.174459916,0.214290145,0.400684647,0.591647383,0.366250002,0.396974325,0.499526838,0.370894039,0.442658111,0.326041949,PubchemFP567
0.339617246,0.199470831,0.316936582,0.263298915,0.53496802,0.260442349,0.651120674,0.255421177,0.629326745,0.319198474,PubchemFP487
0.130493652,0.368954214,0.289043834,0.370392727,0.613013541,0.486336284,0.171437979,0.764467833,0.317680874,0.254272086,PubchemFP761
0.128977718,0.337911606,0.605254643,0.132295806,0.310281851,0.308215549,0.535588458,0.261109381,0.671262003,0.472556659,PubchemFP301
0.296040472,0.380362583,0.460845404,0.269820027,0.555770256,0.642978791,0.211565267,0.340186555,0.257432829,0.32572248,PubchemFP513
0.124987904,0.477086754,0.491403631,0.299515381,0.412051223,0.231834988,0.753622424,0.476791355,0.285465709,0.181845484,PubchemFP626
0.061386371,0.069858285,0.547212076,0.261884755,0.366796561,0.520350758,0.471941318,0.550348196,0.399979138,0.477618178,PubchemFP43
0.282345713,0.121785914,0.330952012,0.321420926,0.480729464,0.630565139,0.67125364,0.435513627,0.291742127,0.158913626,PubchemFP539
0.219125867,0.650629475,0.415993872,0.466187236,0.405256094,0.294924334,0.330938825,0.294762815,0.53159999,0.086049738,PubchemFP636
0.24885945,0.564379979,0.374781233,0.308225957,0.367993355,0.64947989,0.363566586,0.23446456,0.232489866,0.344921779,PubchemFP674
0.249409096,0.226352752,0.636377485,0.356693694,0.345713358,0.398245959,0.249431479,0.225894959,0.469205914,0.528151311,PubchemFP308
0.176686978,0.303363044,0.348881069,0.352710292,0.583585282,0.366347676,0.575113351,0.295302095,0.263804475,0.377592869,PubchemFP257
0.151258488,0.277843639,0.145067136,0.283396043,0.360724855,0.302159002,0.537661738,0.348928938,0.595851717,0.611846395,PubchemFP530
0.194026509,0.373685896,0.248798219,0.347631946,0.277677604,0.504038951,0.388486969,0.24708404,0.359442132,0.673108899,PubchemFP261
0.044336811,0.150452144,0.240018892,0.483021076,0.422887174,0.382814323,0.563023679,0.300422438,0.522657653,0.494835604,PubchemFP287
0.262030563,0.076154041,0.39442428,0.34048947,0.143752263,0.543120935,0.139900294,0.505206273,0.331124447,0.858982692,PubchemFP702
0.195569115,0.223388419,0.701946776,0.401845708,0.455341521,0.417212935,0.350597049,0.182588096,0.347514727,0.298252984,PubchemFP569
0.079341759,0.219285409,0.35850476,0.486291117,0.32775487,0.355695177,0.327253699,0.414936879,0.123236214,0.880136145,PubchemFP521
0.18119125,0.148121622,0.524048721,0.37410958,0.324296172,0.291322883,0.506494692,0.656082168,0.269143389,0.282484307,PubchemFP695
0.067326057,0.191879125,0.191269767,0.336801983,0.449535355,0.364642322,0.455033087,0.428734104,0.575317807,0.463147676,PubchemFP349
0.21044831,0.123724857,0.362166382,0.312583256,0.315316493,0.226284182,0.341095705,0.608034688,0.22360023,0.798919033,PubchemFP659
0.077621363,0.399799849,0.538881557,0.30275527,0.227182303,0.50942817,0.424974721,0.263189754,0.304659644,0.449306795,PubchemFP566
0.202671344,0.121051943,0.562858889,0.277929148,0.377028688,0.263842813,0.412202455,0.379517846,0.388591436,0.482510767,PubchemFP34
0.114350076,0.262498408,0.249712764,0.451845508,0.549424162,0.280447654,0.386906915,0.317756981,0.296051544,0.547773824,PubchemFP409
0.133091824,0.225741492,0.310692383,0.285231076,0.268237548,0.400768506,0.50366251,0.272560284,0.435869167,0.591370478,PubchemFP734
0.164709363,0.318412069,0.21929828,0.387264217,0.315296575,0.315655158,0.450118403,0.557734084,0.187512901,0.505860367,PubchemFP206
0.344633487,0.001730769,0.73249616,0.499514616,0.270981335,0.338263756,0.255151912,0.375221651,0.23806201,0.355844817,PubchemFP708
0.107233532,0.148221197,0.121112125,0.218212722,0.22917611,0.591510965,0.635303178,0.447318906,0.499577052,0.407648945,PubchemFP544
0.177590707,0.709407884,0.352892302,0.285860822,0.251290924,0.349522005,0.283832102,0.535277385,0.159155581,0.264929053,PubchemFP450
0.412436684,0.255430739,0.237166286,0.513359959,0.596913762,0.437536404,0.279947549,0.175473275,0.405169072,0.050638715,PubchemFP506
0.240109093,0.483091248,0.290116929,0.661720907,0.268480635,0.471628487,0.298875005,0.185062969,0.285243109,0.169723124,PubchemFP397
0.299296424,0.187278268,0.388576386,0.345546881,0.204561757,0.374926738,0.38439859,0.340149884,0.449783976,0.377696575,PubchemFP592
0.037518364,0.231417946,0.164999455,0.554807285,0.40878233,0.711618056,0.170865754,0.453175601,0.44176602,0.167112421,PubchemFP19
0.206371139,0.307398387,0.184464576,0.324440403,0.443905996,0.479151633,0.232830297,0.256082612,0.466428877,0.43521815,PubchemFP824
0.091422558,0.128883224,0.075048362,0.33370098,0.207983484,0.581061218,0.542727083,0.438084179,0.390221275,0.546828393,PubchemFP590
0.349302934,0.258298618,0.334706033,0.358881328,0.369887227,0.368661556,0.222630145,0.336242959,0.504776364,0.2297848,PubchemFP180
0.096128079,0.37754631,0.226242157,0.259282996,0.186983193,0.388632816,0.481995372,0.549413829,0.446405264,0.318931883,PubchemFP395
0.257841065,0.448132346,0.180881495,0.354939415,0.288300786,0.536009266,0.229303164,0.198956783,0.62115682,0.21328103,PubchemFP533
0.259506464,0.207279077,0.240651984,0.545745005,0.142407689,0.614480003,0.413486741,0.410896402,0.290493708,0.198523742,PubchemFP372
0.296501995,0.223361159,0.407259479,0.347438272,0.328641593,0.335474629,0.463870916,0.31184481,0.408754921,0.165206349,PubchemFP403
0.394557148,0.489782997,0.24327578,0.206909605,0.596184022,0.240799367,0.270218407,0.217114343,0.325170146,0.271473776,PubchemFP389
0.029935201,0.272863839,0.145842275,0.172341893,0.254440399,0.44033314,0.511295003,0.338059677,0.395383379,0.685679082,PubchemFP670
0.111068186,0.256681626,0.366880629,0.248680526,0.392282588,0.296540608,0.279523145,0.489232944,0.469063932,0.331633252,PubchemFP368
0.033969971,0.119653742,0.515487477,0.315017459,0.467147887,0.333900627,0.358634285,0.462736227,0.316695031,0.317770696,PubchemFP437
0.629876761,0.385839496,0.234343127,0.365924796,0.199884743,0.386354775,0.490026567,0.129945611,0.128902634,0.280533113,PubchemFP560
0.342418306,0.327656027,0.464844775,0.285663842,0.232792951,0.320816631,0.156477917,0.223377267,0.489589717,0.376660036,PubchemFP387
0.292992328,0.047564742,0.694150115,0.442809126,0.260774353,0.301821292,0.479002382,0.333756567,0.126994316,0.236867427,PubchemFP388
0.253258261,0.256710538,0.33259585,0.274441047,0.31572035,0.256359693,0.605105478,0.385257573,0.048280108,0.482859059,PubchemFP340
0.246579906,0.272137171,0.53757877,0.288449203,0.26514744,0.510183267,0.387604208,0.434686034,0.090617301,0.154710396,PubchemFP438
0.126651515,0.387399718,0.500168513,0.16775043,0.568714702,0.444300024,0.180198144,0.188240248,0.179916414,0.440692054,PubchemFP375
0.164509624,0.33978554,0.189969673,0.140334147,0.333447444,0.331551656,0.320788628,0.452962802,0.422769219,0.481812339,PubchemFP364
0.220696917,0.190136453,0.839118206,0.405301448,0.281732922,0.206261031,0.328198416,0.097972525,0.297541026,0.299730732,PubchemFP484
0.133141243,0.091132164,0.34498578,0.360602425,0.319762894,0.244665281,0.429157963,0.392010518,0.351848469,0.480934859,PubchemFP23
0.197138847,0.0957631,0.451891318,0.227671631,0.311981799,0.504605631,0.309718797,0.356462246,0.466300497,0.223493638,PubchemFP691
0.127915713,0.265933992,0.238834823,0.285377156,0.294815454,0.396830855,0.335506555,0.330880638,0.438958979,0.424590159,PubchemFP150
0.160105386,0.28772014,0.39404135,0.344241351,0.459929551,0.238755712,0.26602442,0.316778392,0.422597031,0.223786934,PubchemFP507
0.237935343,0.416620892,0.362171638,0.44774428,0.371963803,0.390108113,0.275775126,0.163034891,0.151031365,0.277842429,PubchemFP607
0.092403784,0.274461957,0.330116439,0.302791865,0.242173454,0.281287283,0.18638682,0.183412648,0.708006711,0.47209753,PubchemFP586
0.22362791,0.289694078,0.165550328,0.197524834,0.288632071,0.431713211,0.311790212,0.439933303,0.19654045,0.511454077,PubchemFP38
0.078114373,0.161656258,0.605529821,0.253555893,0.251522203,0.222409978,0.486147826,0.276969851,0.52929947,0.179817272,PubchemFP572
0.306249563,0.152375879,0.346255297,0.23055582,0.347161301,0.407049931,0.223002497,0.335422314,0.171759229,0.519336557,PubchemFP613
0.332334059,0.165777169,0.424025379,0.17489836,0.325395414,0.403641542,0.225666385,0.590774541,0.076307292,0.309954635,PubchemFP791
0.172619321,0.176204694,0.460713152,0.238791884,0.24947495,0.326162938,0.321683362,0.253059145,0.460899234,0.354177871,PubchemFP716
0.183348231,0.196577939,0.470190427,0.593865734,0.363822485,0.137295523,0.336847262,0.232022581,0.232741603,0.261546071,PubchemFP378
0.045508264,0.184811555,0.173325346,0.569765287,0.21262587,0.492395903,0.366954501,0.503695504,0.200858062,0.238044971,PubchemFP549
0.064036449,0.33502764,0.224439767,0.312332813,0.195330114,0.317943854,0.549346439,0.378169515,0.218644073,0.380857932,PubchemFP153
0.093834138,0.547120974,0.373335356,0.542125049,0.351207045,0.200028522,0.31722178,0.310193865,0.165988485,0.063285315,PubchemFP519
0.254702401,0.18509547,0.226600165,0.130277071,0.631237678,0.325915541,0.613518488,0.227258597,0.289543002,0.063694446,PubchemFP611
0.412184905,0.38065256,0.111482135,0.311009718,0.208048178,0.355986087,0.313289394,0.291023253,0.110831934,0.446394437,PubchemFP633
0.03269703,0.510427312,0.175231574,0.394894835,0.218567918,0.38228001,0.073795323,0.303222271,0.312873564,0.527245136,PubchemFP379
0.692878065,0.22197534,0.119127236,0.29260655,0.209228172,0.295800393,0.414196437,0.17816804,0.232737251,0.273656628,PubchemFP358
0.10622496,0.157664313,0.209418687,0.338825114,0.05938303,0.326471523,0.391963054,0.205077366,0.510969931,0.605034668,PubchemFP833
0.178088815,0.102814971,0.133490986,0.133985703,0.537357426,0.201062342,0.34827795,0.368200314,0.397232275,0.49981865,PubchemFP500
0.026340371,0.150281841,0.525280378,0.338290374,0.285054854,0.164552596,0.569401715,0.466579418,0.33910383,0.033333333,PubchemFP357
0.253032523,0.160107105,0.224920476,0.219958094,0.356108036,0.197451386,0.335993803,0.342939912,0.276322417,0.49043048,PubchemFP514
0.169577075,0.144047278,0.646966799,0.327702098,0.36769491,0.1672127,0.27273409,0.266002624,0.245167679,0.238611997,PubchemFP780
0.042760181,0.209215685,0.42003671,0.398431441,0.400079669,0.267471514,0.552948258,0.364960356,0.149481947,0.035484848,PubchemFP420
0.00350435,0.086093881,0.280765263,0.363089829,0.359502773,0.179892602,0.328397079,0.324676157,0.626926566,0.281769237,PubchemFP728
0.254796454,0.221326065,0.240340218,0.277641789,0.383106659,0.32756467,0.46369646,0.137429792,0.269453621,0.219604168,PubchemFP396
0.240142673,0.334256842,0.358435401,0.280108718,0.341749924,0.344511155,0.229438058,0.439038637,0.099828242,0.122387363,PubchemFP504
0.137569506,0.152812893,0.217147153,0.257297043,0.545142741,0.368506954,0.236351402,0.299470905,0.253814808,0.3186821,PubchemFP449
0.37222976,0.154024225,0.163834358,0.347835891,0.276765123,0.321833642,0.206707734,0.3313228,0.277846111,0.310680254,PubchemFP528
0.172622879,0.092114414,0.246653262,0.113021727,0.419166471,0.182610448,0.499052348,0.367456771,0.442185591,0.226214278,PubchemFP431
0.303856117,0.304744023,0.136171461,0.479589939,0.019772727,0.170316181,0.141189286,0.412383555,0.204241903,0.586574398,PubchemFP443
0.083457849,0.44656469,0.304990581,0.363044286,0.292956491,0.187058562,0.305039898,0.038126438,0.500262351,0.237161272,PubchemFP621
0.185470109,0.126470033,0.131920646,0.30700414,0.231624357,0.268623676,0.330672058,0.241734986,0.311966327,0.619861171,PubchemFP466
0.465218853,0.327746884,0.236502533,0.187089532,0.119896741,0.342266311,0.237731998,0.295139725,0.044563943,0.489913419,PubchemFP13
0.016524425,0.389458405,0.202307608,0.276886075,0.470987203,0.192006483,0.84730707,0.189263814,0.000869754,0.124876883,PubchemFP430
0.112810156,0.164570331,0.39341526,0.34742581,0.19538088,0.187984323,0.218553078,0.321664127,0.335756479,0.431031596,PubchemFP693
0.151555953,0.315847007,0.12647105,0.350870542,0.427703247,0.203916556,0.24753265,0.480796391,0.236818395,0.163843225,PubchemFP258
0.103708787,0.225934549,0.222601886,0.318873989,0.437792104,0.295338037,0.305836782,0.262682667,0.211105351,0.305678157,PubchemFP703
0.103351089,0.253057918,0.258636079,0.174581647,0.405294615,0.299868887,0.299904021,0.296827753,0.279386317,0.318357067,PubchemFP421
0.256201211,0.071509306,0.473882332,0.100918561,0.254002799,0.209600146,0.219366233,0.407694923,0.199639458,0.486924406,PubchemFP770
0.11080557,0.249080297,0.243694998,0.40812842,0.397870984,0.225471377,0.297026802,0.351585621,0.146059896,0.246057459,PubchemFP480
0.32560179,0.155555182,0.232468432,0.315022851,0.443942588,0.150221805,0.4735033,0.209030241,0.250934928,0.108823706,PubchemFP390
0.070251924,0.24491904,0.293286283,0.28809464,0.123884333,0.204669033,0.313117873,0.384308889,0.187333333,0.551792417,PubchemFP707
0.043579203,0.285843147,0.419602839,0.210333026,0.362620875,0.190598994,0.474280279,0.234092088,0.082747741,0.270169131,PubchemFP523
0.083346682,0.187834585,0.09973921,0.440591879,0.394334092,0.21389144,0.22610304,0.323139042,0.348668932,0.255813895,PubchemFP412
0.179197099,0.157374679,0.144595191,0.393722346,0.422819992,0.281718443,0.367475303,0.193687701,0.133571438,0.288835727,PubchemFP581
0.067645179,0.083999867,0.350245661,0.175053462,0.3782462,0.185687935,0.360758889,0.354289954,0.179150689,0.426800646,PubchemFP717
0.012736943,0.141215755,0.359309146,0.211897015,0.187210296,0.388365343,0.37369499,0.206323954,0.2279664,0.450853675,PubchemFP683
0.186879946,0.234565866,0.180273632,0.146196844,0.287289297,0.33140451,0.243694755,0.266298934,0.342834365,0.298327379,PubchemFP471
0.202159361,0.438257303,0.224505213,0.503864648,0.292107974,0.056165482,0.331901589,0.061999018,0.241722402,0.155906787,PubchemFP618
0.086360431,0.142422185,0.353891832,0.299514645,0.266885798,0.146181804,0.318310148,0.416936883,0.110801404,0.360791333,PubchemFP756
0.150473592,0.26248034,0.117965259,0.252682199,0.214606189,0.264813969,0.204133118,0.404916241,0.271720466,0.339096419,PubchemFP24
0.288858833,0.230042496,0.129718221,0.157889522,0.249002706,0.232596516,0.289579859,0.26855981,0.320243317,0.268923992,PubchemFP705
0.268545805,0.163271379,0.137056994,0.304208492,0.180516396,0.295303627,0.223637996,0.257441115,0.417247392,0.183052527,PubchemFP819
0.085504313,0.394866459,0.112227477,0.264447557,0.336709718,0.263273776,0.182171329,0.280472867,0.307141672,0.184121869,PubchemFP628
0.116453326,0.31743671,0.217170507,0.35178493,0.227084087,0.182984109,0.275406358,0.32042012,0.134528527,0.251124958,PubchemFP746
0.077445825,0.577753895,0.12804225,0.15790264,0.258333855,0.323666456,0.42167049,0.142305918,0.093079365,0.202446592,PubchemFP656
0.111050746,0.088722332,0.201770576,0.308176643,0.166820711,0.336920508,0.248869117,0.305406477,0.311728331,0.272264599,PubchemFP735
0.138536363,0.089605685,0.434085871,0.340727857,0.156753164,0.292214633,0.27923612,0.20773185,0.203428216,0.202335228,PubchemFP482
0.155936858,0.120101716,0.347090868,0.228226871,0.20396376,0.207090277,0.413563301,0.139831215,0.150223901,0.343146291,PubchemFP686
0.065867147,0.181406358,0.184394738,0.230187157,0.277355546,0.293634378,0.147334381,0.362708887,0.217222397,0.288902679,PubchemFP642
0.007910192,0.114909868,0.278278406,0.326173827,0.282431317,0.217955668,0.208798934,0.196014317,0.361678438,0.245573112,PubchemFP798
0.122348054,0.094396575,0.276466301,0.153628538,0.213625493,0.225297212,0.275188705,0.222261153,0.127888344,0.519872542,PubchemFP738
0.187019355,0.22830722,0.093416346,0.134769924,0.114626197,0.425096247,0.132225986,0.492393691,0.225723894,0.17306581,PubchemFP710
0.126097522,0.194730232,0.253947886,0.362064651,0.204034455,0.383225094,0.158863026,0.078137845,0.151357726,0.276551049,PubchemFP652
0.088930255,0.097437574,0.152024012,0.185501285,0.30511297,0.23860579,0.173464419,0.315962503,0.334307875,0.264792612,PubchemFP624
0.21386391,0.019103334,0.079897262,0.146829718,0.222959866,0.250081176,0.360783351,0.208048647,0.410208485,0.236656384,PubchemFP779
0.101837981,0.219170948,0.299899657,0.278146478,0.110429992,0.220541861,0.446083013,0.279227648,0.042064616,0.127817821,PubchemFP334
0.076019253,0.183730519,0.220633354,0.28989384,0.323673182,0.271085185,0.154100132,0.190065041,0.166629428,0.244421039,PubchemFP588
0.155944536,0.239284847,0.20190825,0.198084852,0.180271651,0.110964224,0.176979938,0.169140477,0.454833138,0.20663382,PubchemFP489
0.095027979,0.159661952,0.165117472,0.237721835,0.254263025,0.34484157,0.208138207,0.233745128,0.168384523,0.208770817,PubchemFP801
0.04884312,0.06338773,0.344375524,0.271424452,0.280336675,0.236262261,0.270365643,0.16013133,0.244007899,0.151244362,PubchemFP820
0.145482572,0.180082177,0.419586599,0.174647797,0.204330718,0.140041721,0.237337177,0.223915213,0.167584569,0.17478339,PubchemFP558
0.121744797,0.243457244,0.044366417,0.129276835,0.261948341,0.091711583,0.398939833,0.193109638,0.260628354,0.307703204,PubchemFP809
0.061024766,0.012578315,0.129939658,0.373275162,0.351259168,0.174651102,0.142814782,0.329768319,0.223477571,0.234272391,PubchemFP647
0.177590507,0.199779918,0.06111719,0.172302396,0.245396515,0.173556383,0.145551034,0.152568947,0.32752102,0.374281253,PubchemFP688
0.086240099,0.101062079,0.10229372,0.203618186,0.195022995,0.269672407,0.158053124,0.263051391,0.311787157,0.332896542,PubchemFP639
0.11669018,0.330539314,0.105747174,0.202233389,0.22471553,0.2520217,0.222409334,0.086752527,0.230749795,0.238344827,PubchemFP472
0.013168904,0.201837021,0.137897306,0.253419762,0.152042878,0.167038489,0.186622006,0.320741982,0.1451828,0.394478182,PubchemFP144
0.218934395,0.194187151,0.199775629,0.267902563,0.148778673,0.196472173,0.17523489,0.221741428,0.088412736,0.260049773,PubchemFP461
0.000421554,0.167795244,0.104608931,0.230001332,0.13254793,0.379774788,0.188024508,0.124570189,0.138771285,0.500123264,PubchemFP711
0.118354563,0.102140014,0.17750423,0.178882385,0.127658766,0.070356907,0.257270676,0.459097599,0.232997944,0.218878474,PubchemFP615
0.093287184,0.185225068,0.150344805,0.166045733,0.265214072,0.07650238,0.159684724,0.191325741,0.487905302,0.164841711,PubchemFP494
0.178668483,0.060734492,0.133449937,0.227925186,0.137998384,0.163727318,0.290042915,0.249678456,0.297599593,0.189758635,PubchemFP658
0.167585425,0.185582428,0.288599043,0.130243426,0.23092786,0.121482553,0.258265617,0.183990388,0.058857772,0.301544427,PubchemFP690
0.131520303,0.112809628,0.076189247,0.280787064,0.292086235,0.281975539,0.138957576,0.35503302,0.059030702,0.189623415,PubchemFP453
0.324746918,0.07294982,0.107503467,0.233164267,0.316951655,0.438994543,0.131751086,0.18560048,0.017950549,0.08725111,PubchemFP709
0.118458166,0.130907196,0.124363883,0.103879483,0.185327446,0.333169152,0.126037198,0.384182612,0.227315784,0.179038245,PubchemFP475
0.189516078,0.045214083,0.146917749,0.181917164,0.130217905,0.243350522,0.203603471,0.166808462,0.232250643,0.365756089,PubchemFP543
0.132551075,0.30971135,0.128228019,0.169950339,0.167676408,0.162120517,0.280702325,0.29683447,0.150482815,0.103606755,PubchemFP401
0.033333333,0.089708673,0.058321838,0.124458364,0.24385429,0.207736681,0.337883918,0.182794724,0.348179067,0.261409578,PubchemFP336
0.034899518,0.2124733,0.107968503,0.335023584,0.251568094,0.212881416,0.153609161,0.225467004,0.197108166,0.133040523,PubchemFP16
0.010334551,0.161970057,0.220349788,0.26626392,0.334625936,0.203236555,0.149284251,0.2188685,0.072224882,0.184635543,PubchemFP687
0.070112348,0.146894404,0.225587518,0.270351953,0.224875724,0.164362122,0.112261288,0.158721881,0.272605874,0.168662889,PubchemFP625
0.044353816,0.497344735,0.291508359,0.201490429,0.297689944,0.027044839,0.09503112,0.149323104,0.071826618,0.122313311,PubchemFP3
0.088213899,0.051225649,0.096748865,0.19024843,0.378654997,0.158272023,0.274505019,0.197192732,0.108915468,0.250364035,PubchemFP681
0.07635816,0.065737703,0.271270693,0.199231877,0.208789963,0.215931938,0.138421964,0.427690421,0.027110585,0.147211706,PubchemFP207
0.066812995,0.235408579,0.078593091,0.262622963,0.222622152,0.265936243,0.189526375,0.130415976,0.244655299,0.075586641,PubchemFP551
0.041483058,0.11920859,0.219144379,0.050035438,0.342009064,0.070546841,0.223774674,0.377306673,0.166780506,0.125455215,PubchemFP587
0.130010022,0.02863863,0.188433798,0.281540777,0.12356547,0.045005687,0.152843048,0.318534702,0.34856084,0.114424384,PubchemFP454
0.180420707,0.133536874,0.074880529,0.248139885,0.281520441,0.250470436,0.138394215,0.09586215,0.069217893,0.245239664,PubchemFP363
0.026086589,0.252290457,0.582865884,0.264053742,0.018760684,0.202474955,0.230207038,0.003333333,0.102845238,0.015855072,PubchemFP333
0.130173821,0.138928015,0.138802031,0.080667312,0.132258854,0.155955399,0.218449131,0.208285074,0.184330152,0.287852417,PubchemFP694
0.113068848,0.113202732,0.16676687,0.15247307,0.243046918,0.170448111,0.134490604,0.153649305,0.227667985,0.145235762,PubchemFP599
0.072230765,0.074216118,0.154350122,0.300913597,0.018717949,0.345656067,0.245616118,0.130320587,0.118592647,0.157265162,PubchemFP605
0.085681198,0.051310015,0.162758684,0.280978709,0.175720741,0.12604596,0.386175463,0.171941359,0.098869528,0.077355341,PubchemFP356
0.068802479,0.171852712,0.076591986,0.178035004,0.175609343,0.186299984,0.130913056,0.107921754,0.09140785,0.428411507,PubchemFP764
0.071649797,0.096578509,0.214601081,0.214035729,0.184797624,0.054439204,0.103882544,0.256940139,0.224559421,0.194066488,PubchemFP827
0.082440635,0.087084743,0.183451144,0.053304677,0.375053708,0.260803277,0.091341064,0.173134349,0.249777527,0.04018844,PubchemFP527
0.264516467,0.242672148,0.014986911,0.204031512,0.398386262,0.088143355,0.056180061,0.023171329,0.163599664,0.134053465,PubchemFP371
0.024187759,0.049817893,0.216999385,0.116789173,0.320149568,0.164312976,0.209135445,0.095233256,0.132998903,0.238417816,PubchemFP815
0.227617043,0.04984094,0.106041426,0.17094091,0.201320424,0.227379508,0.042670742,0.262049887,0.114342395,0.156745635,PubchemFP575
0.085943249,0.099624835,0.211017987,0.14636997,0.265231063,0.243521537,0.122302313,0.167175909,0.127650914,0.063152578,PubchemFP399
0.044397944,0.138717151,0.045923291,0.14234537,0.161987695,0.181335646,0.439220558,0.260827845,0.059904166,0.043409091,PubchemFP152
0.015173382,0.153804371,0.186527436,0.120419849,0.157374075,0.215309119,0.193023766,0.128313451,0.172584342,0.146481735,PubchemFP526
0.067551049,0.118064092,0.149936542,0.080628513,0.0746185,0.27901976,0.155327478,0.31573365,0.218798571,0.025326618,PubchemFP423
0.15463753,0.115286664,0.123243446,0.099338051,0.207170244,0.198842407,0.12282259,0.183792798,0.080905848,0.184335269,PubchemFP455
0.024437928,0.075135708,0.143561239,0.081295905,0.359937189,0.120522355,0.108379992,0.135336809,0.226164496,0.159550533,PubchemFP400
0.139211952,0.102663246,0.140761438,0.091975517,0.148304547,0.14323312,0.185867136,0.121014487,0.228530275,0.130621675,PubchemFP601
0.068351953,0.078742824,0.136968631,0.169561225,0.174987002,0.117296076,0.186528932,0.09495523,0.274082976,0.124225598,PubchemFP505
0.047885705,0.186746603,0.171837484,0.239773372,0.097242658,0.113119851,0.12301611,0.040750361,0.20289671,0.163331636,PubchemFP473
0.089503694,0.057651821,0.190758489,0.118484666,0.098306233,0.265380065,0.206332185,0.072597259,0.09309253,0.185314498,PubchemFP583
0.140897247,0.079245988,0.29586163,0.288590322,0.001,0.111275308,0.06292369,0.116429022,0.190461641,0.08783135,PubchemFP157
0.108479109,0.128965311,0.100854219,0.239352931,0.142470901,0.133314093,0.094571334,0.166890457,0.174725903,0.082072252,PubchemFP836
0.024683035,0.189080268,0.099346817,0.104307417,0.146226387,0.152528732,0.065933195,0.210308395,0.148362028,0.22589133,PubchemFP747
0.053818799,0.07654489,0.100937069,0.120411806,0.144210476,0.242366284,0.16598006,0.14229884,0.048262745,0.23730775,PubchemFP300
0.130892211,0.022027505,0.098169253,0.073802753,0.162648795,0.108449313,0.185507491,0.238053107,0.174904965,0.122552708,PubchemFP773
0.062107169,0.145241038,0.172909572,0.288726146,0.005,0.124698937,0.067138891,0.185001569,0.119115932,0.143258473,PubchemFP810
0.105362056,0.129352112,0.08612269,0.174798347,0.179258937,0.189823721,0.106258149,0.11535912,0.192715826,0.026142857,PubchemFP757
0.072021601,0.075875411,0.19305094,0.146702651,0.127088271,0.228838447,0.170373074,0.049944862,0.141635909,0.091038446,PubchemFP822
0.068862921,0.100606112,0.132742589,0.093250884,0.211015308,0.215396831,0.089301989,0.10582067,0.215494804,0.040257299,PubchemFP508
0.003079616,0.0551696,0.161134826,0.051396825,0.214604012,0.092321126,0.201674754,0.133157162,0.163673237,0.18853719,PubchemFP529
0.000519593,0.011529841,0.215714884,0.140436295,0.184464547,0.07672446,0.134332748,0.105309759,0.263336232,0.131482129,PubchemFP802
0.096869248,0.033281419,0.25074038,0.125999577,0.064784216,0.050928926,0.127769463,0.087169884,0.111690676,0.31443008,PubchemFP436
0.070904852,0.091392462,0.124449416,0.064832509,0.212328477,0.130025585,0.086216641,0.122570485,0.139420422,0.199301892,PubchemFP759
0.058005742,0.129277053,0.166936508,0.349377817,0.089146389,0.091341444,0.085220724,0.062115385,0.136674073,0.051924007,PubchemFP448
0.006132907,0.115828947,0.148364505,0.176469022,0.121920276,0.072485719,0.249937775,0.075502463,0.123681398,0.12815202,PubchemFP752
0.079592332,0.10981717,0.048039111,0.055713354,0.106931534,0.062772843,0.264030078,0.088418344,0.184699776,0.18046736,PubchemFP474
0.056341952,0.182266156,0.104594506,0.076338022,0.062263954,0.099462488,0.192993332,0.146333683,0.186031001,0.038190476,PubchemFP739
0.077429983,0.085018273,0.075122056,0.193249771,0.034677481,0.118016843,0.085760654,0.288279145,0.114471629,0.068089492,PubchemFP337
0.076220822,0.054388154,0.125274648,0.115712587,0.065244727,0.082273045,0.204397627,0.055531939,0.256496862,0.097490706,PubchemFP663
0.046054833,0.072095682,0.073845651,0.225340864,0.302510981,0.045181135,0.112727052,0.058872376,0.117122438,0.077272984,PubchemFP497
0.016914175,0.043847737,0.072209005,0.138039521,0.056942013,0.125753333,0.102816908,0.132102895,0.079849919,0.346295986,PubchemFP784
0.034971115,0.161759832,0.055027641,0.146254618,0.07675602,0.183348174,0.086542532,0.050662766,0.239781011,0.072847368,PubchemFP522
0.037439845,0.059893266,0.077701838,0.192336303,0.064393193,0.145046421,0.113961273,0.106910754,0.040300866,0.234329594,PubchemFP398
0.061871439,0.10165555,0.082867407,0.055062892,0.20400945,0.096096816,0.204417585,0.035758341,0.091181156,0.060836065,PubchemFP718
0.089836695,0.239069284,0.040651912,0.357402209,0,0.176873332,0,0.013333333,0.014722258,0.043636364,PubchemFP552
0.071583348,0.071187103,0.061434117,0.052801335,0.152181344,0.121570154,0.14231337,0.089995112,0.149380349,0.055299636,PubchemFP781
0.119664074,0.037219828,0.114029797,0.16850123,0.082200138,0.047158981,0.126939041,0.04744289,0.087957879,0.118335204,PubchemFP1
0.021841725,0.126366155,0.042388966,0.107355646,0.093070106,0.026205882,0.112358647,0.095339887,0.186407281,0.136833587,PubchemFP721
0.083893635,0.015046685,0.034601251,0.123589464,0.095124139,0.058561297,0.135515131,0.19459595,0.080355265,0.056539281,PubchemFP736
0.207656986,0.06953323,0.149207429,0.098857878,0.018265068,0.089411556,0.012705882,0.000311891,0.040900585,0.188771591,PubchemFP516
0.122331022,0.024026941,0.035262885,0.095507129,0.035296948,0.10159445,0.073199645,0.166489068,0.14215031,0.076902706,PubchemFP669
0.101893503,0.026569664,0.022523716,0.089021996,0.072198279,0.109922967,0.095964487,0.104125384,0.134687443,0.069240575,PubchemFP518
0.06441707,0.145800397,0.04802083,0.011759223,0.065398716,0.11256157,0.051759601,0.113677003,0.114131585,0.097759167,PubchemFP557
0.118987949,0.089688131,0.17159609,0.046952381,0.033573624,0.062793361,0.069087302,0.049528336,0.128083333,0.026373016,PubchemFP260
0.054680155,0.103831202,0.092228614,0.000160428,0.151455986,0.079252818,0.09943546,0.143174702,0.028571429,0.018333333,PubchemFP701
0.122719503,0.141351853,0.019988932,0.183932365,0.183082924,0,0,0.074159846,0,0.042010528,PubchemFP470
0.049589816,0.019379233,0.041512218,0.09572777,0.032885502,0.045845557,0.084299376,0.177758393,0.1240648,0.087959992,PubchemFP571
0.201059331,0.185812266,0.124590737,0.072322439,0.024774194,0.053837095,0.01979798,0,0,0.034490837,PubchemFP677
0.040547574,0.08652084,0.079528468,0.132731055,0.055339992,0.023345553,0.078453557,0.045731602,0.075616975,0.098672423,PubchemFP563
0.069111519,0.113982517,0.0045,0.116123917,0.135364413,0.184867126,0.069995856,0,0,0.02,PubchemFP608
0.071122024,0.026456205,0.06094949,0.147008504,0.121127016,0.237628292,0.040538462,0,0,0.001,PubchemFP564
0.011841844,0.018185025,0.063960534,0.095121115,0.048021905,0.117598166,0.156365621,0.092267931,0.034919568,0.056443279,PubchemFP339
0.060383388,0.316675912,0.030553504,0.106530147,0.024961538,0.032391362,0.090404339,0.01,0,0.02,PubchemFP668
0.106728983,0.110973046,0.023928801,0.123544346,0.002539683,0.103923903,0.060638865,0.008461538,0,0.145102233,PubchemFP664
0.08998603,0.150699705,0.05296455,0.007797449,0.032224924,0.106030503,0.065945732,0.019338462,0.054545455,0.08046798,PubchemFP384
0.066052786,0.056609666,0.025733996,0.023712938,0.07584024,0.046098884,0.095805195,0.062187257,0.056320733,0.135476083,PubchemFP515
0.151463889,0.034300577,0.022040735,0,0.120937261,0.093759399,0.028118572,0.043155844,0.041701695,0.104148382,PubchemFP631
0.004384111,0.039169627,0.030349468,0.108094414,0.069985548,0.090891262,0.053397504,0.126326385,0.084016043,0.0315,PubchemFP700
0.004553888,0.069226936,0.017416941,0.137221244,0.017777778,0.13123768,0.032085561,0.121969028,0.064747253,0.032222222,PubchemFP722
0.006596078,0.016577243,0.035554607,0.077274927,0.062285541,0.023965994,0.105587302,0.017757296,0.002,0.255954972,PubchemFP534
0.002175021,0.042632863,0.156426174,0.084261346,0.10206808,0.001169591,0.044529808,0.049121234,0.031173365,0.069190019,PubchemFP559
0.135168845,0.051183357,0.183048593,0.013489177,0.155226454,0.032977011,0,0.010242424,0,0,PubchemFP640
0.043934902,0.065675977,0.013394124,0.104612139,0.030754386,0.042432602,0.0175,0.179770688,0.039965194,0.042809524,PubchemFP661
0.183442736,0.240866603,0.013569231,0.015263889,0,0.023030812,0.062055949,0.005,0.01010453,0,PubchemFP634
0.092225185,0.129216702,0.098135955,0.018571429,0.102906141,0.013333333,0.077095958,0,0,0.021399933,PubchemFP570
0.023074552,0.144519307,0.21030984,0.018947368,0.055138235,0,0.052794118,0.003130435,0.036333333,0,PubchemFP160
0.133080435,0.104080065,0.000135462,0.098064102,0.001333333,0.010378788,0,0.007714286,0.184755971,0,PubchemFP352
0.026616474,0.224694482,0.100126909,0.002666667,0.142225401,0,0.01,0,0.010579592,0.001,PubchemFP578
0.002666667,0.092052004,0.181350978,0,0.031050872,0.025444444,0.134555001,0,0.046574172,0,PubchemFP584
0.032967212,0.003787879,0.043703924,0.05686074,0.055897436,0.160787628,0.033529552,0.039474695,0.020512821,0.055573529,PubchemFP799
0.03354055,0.031816989,0.035266861,0.047033013,0.112363636,0.066580901,0,0.021818182,0.077421171,0.070968667,PubchemFP149
0.149725784,0.089720186,0.018333333,0.077573288,0.042865851,0,0.022910553,0.072249034,0,0,PubchemFP603
0.011661247,0.025500131,0.014711641,0.027714354,0.074449695,0.036741069,0.098872148,0.033024915,0.044847846,0.10297805,PubchemFP129
0.011267354,0.01103623,0.123304193,0.037366522,0.030280646,0.025459506,0.020420485,0.03161578,0.144166787,0.033322129,PubchemFP785
0.070843673,0.05563655,0.010793855,0.022778485,0.044,0,0.213058678,0.018018018,0,0.019987013,PubchemFP520
0.064741138,0.030500427,0.079673265,0.012828435,0.136488594,0,0.01984127,0.1047204,0.005113997,0,PubchemFP18
0.219745072,0,0.154089196,0.032327159,0,0,0.016549145,0.001577061,0,0.020833333,PubchemFP595
0.103883014,0.153297981,0.057742063,0.010666667,0.015793103,0.001680672,0.023571429,0.020151515,0.042340659,0.0147,PubchemFP370
0.01051619,0.038834551,0.014555211,0.0483956,0.145338843,0.035082116,0.004708546,0.022896628,0.080468779,0.041631564,PubchemFP21
0,0.077991389,0.054209461,0.016380399,0.102058264,0.13391108,0,0.051404815,0,0,PubchemFP286
0,0.025561986,0.122241758,0.048090909,0.116596605,0.015512821,0.037436975,0,0.008,0.060213759,PubchemFP148
0.096537634,0.107193295,0,0.041467236,0.060615346,0,0,0.036066338,0.001810345,0.072923916,PubchemFP524
0.095784574,0.05425487,0.051242472,0.017643357,0.00125641,0.122845057,0.006333333,0,0.028571429,0,PubchemFP660
0.021962174,0.030432054,0.010715354,0.017302872,0.033952381,0.043957508,0.058265442,0.099455479,0.034192219,0.011769481,PubchemFP612
0.122449248,0.014556858,0,0.035833333,0.027333333,0.057712425,0.061411443,0,0.029730444,0,PubchemFP446
0.10835766,0.058900669,0.003000518,0,0.02,0.035117799,0.078136492,0.027,0.000550668,0.004521193,PubchemFP678
0.032722757,0.037708409,0.014388659,0.147250196,0.000586081,0.000308271,0.020192308,0,0,0.048651555,PubchemFP715
0.024199587,0.030698073,0.067184548,0.031670399,0.017255221,0.063626181,0.018800774,0.01,0.01906383,0,PubchemFP511
0.024533686,0.048937421,0.047422026,0.106857487,0.03,0,0,0.01,0,0.010297483,PubchemFP434
0.007072194,0.022210647,0.000169133,0.05042957,0.001279151,0.024,0.096872913,0.01001012,0.000606061,0.013714286,PubchemFP132
0.002566845,0.030834611,0.047297847,0.038478893,0.00017991,0.030720424,0.034142857,0.024820513,0.003333333,0.01,PubchemFP778
0.0644795,0.056315603,0.007254281,0.019725522,0.000888889,0,0.009545455,0.000606061,0.062180379,0.000977807,PubchemFP213
0.003985431,0.064381609,0,0.010956936,0.040369374,0.085547349,0,6.96E-05,0,0,PubchemFP216
0,0.062491758,0.000813079,0,0.073018105,0,0.003,0.026986772,0,0,PubchemFP556
0,0.030871658,0.049446511,0,0.005909982,0,0.016,0,0.004090909,0,PubchemFP490
0.007118644,0.008064222,0.043734697,0.013012258,0,0.00046026,0,0,0,0,PubchemFP215
0.00045668,0.018397598,0,0,0.009443437,0,0,0.005714286,0,0,PubchemFP116
0.012446881,0.009351757,0.000407891,0.001607143,0,0,0,0,0,0,PubchemFP115